"df","AICc"
5.98094704157952,485.936744922767
4.38246582810947,579.108634094583
7.9229489369015,461.505057086596
5.82251662308377,581.013600989977
11.4299752909501,427.576376449956
5.98150276794339,466.207065204901
